{"cameraMode":{"drawMode":0,"name":"Shaded","section":"Shading Mode"},"sceneLighting":true,"audioPlay":false,"sceneViewState":{"m_AlwaysRefresh":false,"showFog":true,"showSkybox":true,"showFlares":true,"showImageEffects":true,"showParticleSystems":true,"showVisualEffectGraphs":true,"m_FxEnabled":true},"in2DMode":false,"pivot":{"x":1366.2012939453125,"y":50.11497497558594,"z":-1593.919189453125},"rotation":{"x":-0.012693008407950402,"y":0.9910492897033691,"z":-0.0815247893333435,"w":-0.10533842444419861},"size":13.052947044372559,"orthographic":false}