{"cameraMode":{"drawMode":0,"name":"Shaded","section":"Shading Mode"},"sceneLighting":false,"audioPlay":false,"sceneViewState":{"m_AlwaysRefresh":false,"showFog":true,"showSkybox":false,"showFlares":true,"showImageEffects":true,"showParticleSystems":true,"showVisualEffectGraphs":true,"m_FxEnabled":true},"in2DMode":false,"pivot":{"x":-79.32357788085938,"y":33.431556701660159,"z":19.016891479492189},"rotation":{"x":0.14069469273090363,"y":0.14938010275363923,"z":-0.02147895097732544,"w":0.9784854054450989},"size":78.74512481689453,"orthographic":false}