{"cameraMode":{"drawMode":0,"name":"Shaded","section":"Shading Mode"},"sceneLighting":true,"audioPlay":false,"sceneViewState":{"m_AlwaysRefresh":false,"showFog":true,"showSkybox":true,"showFlares":true,"showImageEffects":true,"showParticleSystems":true,"showVisualEffectGraphs":true,"m_FxEnabled":true},"in2DMode":false,"pivot":{"x":83.16378784179688,"y":-39.266780853271487,"z":22.389787673950197},"rotation":{"x":0.521824061870575,"y":-0.028749551624059678,"z":0.017608506605029107,"w":0.8524230122566223},"size":47.96147537231445,"orthographic":false}