{"cameraMode":{"drawMode":0,"name":"Shaded","section":"Shading Mode"},"sceneLighting":true,"audioPlay":false,"sceneViewState":{"m_AlwaysRefresh":false,"showFog":true,"showSkybox":true,"showFlares":true,"showImageEffects":true,"showParticleSystems":true,"showVisualEffectGraphs":true,"m_FxEnabled":true},"in2DMode":false,"pivot":{"x":-12.980043411254883,"y":-0.17778682708740235,"z":10.283920288085938},"rotation":{"x":-0.08261118829250336,"y":0.2651815116405487,"z":-0.02281608060002327,"w":-0.960373044013977},"size":11.928667068481446,"orthographic":false}