{"cameraMode":{"drawMode":0,"name":"Shaded","section":"Shading Mode"},"sceneLighting":true,"audioPlay":false,"sceneViewState":{"m_AlwaysRefresh":false,"showFog":true,"showSkybox":true,"showFlares":true,"showImageEffects":true,"showParticleSystems":true,"showVisualEffectGraphs":true,"m_FxEnabled":true},"in2DMode":false,"pivot":{"x":3.548758029937744,"y":-4.102499961853027,"z":12.085880279541016},"rotation":{"x":0.20132246613502503,"y":0.16801534593105317,"z":-0.03512267395853996,"w":0.9644007086753845},"size":9.374197006225586,"orthographic":false}