{"cameraMode":{"drawMode":0,"name":"Shaded","section":"Shading Mode"},"sceneLighting":true,"audioPlay":false,"sceneViewState":{"m_AlwaysRefresh":false,"showFog":true,"showSkybox":true,"showFlares":true,"showImageEffects":true,"showParticleSystems":true,"showVisualEffectGraphs":true,"m_FxEnabled":true},"in2DMode":false,"pivot":{"x":-18.033416748046876,"y":4.942533493041992,"z":12.428404808044434},"rotation":{"x":0.09931201487779618,"y":0.7283933758735657,"z":-0.10807627439498902,"w":0.6692633032798767},"size":4.588988780975342,"orthographic":false}