{"cameraMode":{"drawMode":0,"name":"Shaded","section":"Shading Mode"},"sceneLighting":true,"audioPlay":false,"sceneViewState":{"m_AlwaysRefresh":false,"showFog":true,"showSkybox":true,"showFlares":true,"showImageEffects":true,"showParticleSystems":true,"showVisualEffectGraphs":true,"m_FxEnabled":true},"in2DMode":false,"pivot":{"x":553.3721923828125,"y":240.03689575195313,"z":-526.108154296875},"rotation":{"x":0.14171883463859559,"y":0.0009033206733874977,"z":0.00015124669880606234,"w":-0.9899323582649231},"size":7.9362006187438969,"orthographic":false}