{"cameraMode":{"drawMode":0,"name":"Shaded","section":"Shading Mode"},"sceneLighting":true,"audioPlay":false,"sceneViewState":{"m_AlwaysRefresh":false,"showFog":true,"showSkybox":true,"showFlares":true,"showImageEffects":true,"showParticleSystems":true,"showVisualEffectGraphs":true,"m_FxEnabled":true},"in2DMode":false,"pivot":{"x":-3.1305758953094484,"y":3.524625778198242,"z":1.5959291458129883},"rotation":{"x":0.11037426441907883,"y":0.8665183186531067,"z":-0.22033566236495973,"w":0.4340718686580658},"size":1.3335072994232178,"orthographic":true}