{"cameraMode":{"drawMode":0,"name":"Shaded","section":"Shading Mode"},"sceneLighting":true,"audioPlay":false,"sceneViewState":{"m_AlwaysRefresh":false,"showFog":true,"showSkybox":true,"showFlares":true,"showImageEffects":true,"showParticleSystems":true,"showVisualEffectGraphs":true,"m_FxEnabled":true},"in2DMode":false,"pivot":{"x":2.4085021018981935,"y":3.4733214378356935,"z":5.352357864379883},"rotation":{"x":-0.012401523999869824,"y":-0.7352370619773865,"z":0.01345573179423809,"w":-0.6775677800178528},"size":6.4400410652160648,"orthographic":true}